ACAD-001	nao_implementado
ACAD-002	nao_implementado
ACAD-003	nao_implementado
ACAD-004	nao_implementado
ACAD-005	nao_implementado
ACAD-006	nao_implementado
ACAD-007	nao_implementado
ACAD-020	nao_implementado
ACAD-021	nao_implementado
ACAD-022	nao_implementado
ACAD-023	nao_implementado
ACAD-024	nao_implementado
ACAD-025	nao_implementado
ACAD-026	nao_implementado
ACAD-030	nao_implementado
ACAO-001	passou
ACAO-002	passou
ACAO-003	passou
ACAO-010	passou
ACAO-011	passou
ACAO-012	passou
ACAO-013	passou
ACAO-014	passou
ACAO-022	passou
ADM-001	passou
ADM-002	passou
ADM-003	passou
ADM-010	nao_implementado
ADM-011	nao_implementado
ADM-012	nao_implementado
ADM-020	passou
ADM-021	passou
ADM-022	passou
ADM-030	passou
ADM-031	passou
ADM-040	passou
ADM-041	passou
ADM-050	passou
ADM-051	passou
ADM-052	passou
ADM-060	nao_implementado
ADM-061	nao_implementado
ADM-062	nao_implementado
ADM-063	nao_implementado
ADM-070	passou
ADM-071	passou
ADM-072	passou
ADM-073	passou
ADM-092	passou
ADM-093	passou
ADM-100	nao_implementado
ADM-101	nao_implementado
ADM-102	nao_implementado
ADM-103	nao_implementado
ADM-104	nao_implementado
ADM-105	nao_implementado
ADM-106	passou
ADM-107	passou
ADM-108	nao_implementado
ADM-110	passou
ADM-111	passou
AFAST-001	passou
AFAST-002	passou
AFAST-003	passou
AFAST-010	passou
AFAST-011	passou
AFAST-020	passou
AFAST-021	passou
AFAST-022	passou
AFAST-030	passou
AFAST-031	passou
AFAST-032	passou
AFAST-040	passou
AFAST-050	passou
AFAST-051	passou
AFAST-060	passou
AFAST-070	passou
AFAST-080	passou
AFAST-TELA-01	nao_implementado
AFAST-TELA-02	nao_implementado
AFAST-TELA-03	nao_implementado
AFAST-TELA-04	nao_implementado
AFAST-TELA-05	nao_implementado
AFAST-TELA-06	nao_implementado
AFAST-TELA-07	nao_implementado
AFAST-TELA-08	nao_implementado
AFAST-TELA-09	nao_implementado
AJOR-001	nao_implementado
AJOR-010	nao_implementado
AJOR-011	nao_implementado
AJOR-020	nao_implementado
AJOR-030	nao_implementado
AJOR-031	nao_implementado
AJOR-032	nao_implementado
AJOR-040	nao_implementado
AJOR-050	nao_implementado
AJOR-051	nao_implementado
AJOR-060	nao_implementado
AJOR-070	nao_implementado
AJOR-080	nao_implementado
AJOR-081	nao_implementado
APR-001	nao_implementado
APR-002	nao_implementado
APR-010	nao_implementado
APR-020	nao_implementado
APR-021	nao_implementado
APR-030	nao_implementado
APR-031	nao_implementado
APR-040	nao_implementado
APR-041	nao_implementado
APR-050	nao_implementado
APR-060	nao_implementado
APR-070	nao_implementado
APR-080	nao_implementado
ASO-001	nao_implementado
ASO-002	nao_implementado
ASO-010	nao_implementado
ASO-011	nao_implementado
ASO-012	nao_implementado
ASO-020	nao_implementado
ASO-021	nao_implementado
ASO-030	nao_implementado
ASO-031	nao_implementado
ASO-040	nao_implementado
ASO-050	nao_implementado
ASO-060	nao_implementado
ASO-070	nao_implementado
ATE-001	passou
AUTH-001	nao_implementado
AUTH-002	nao_implementado
AUTH-003	nao_implementado
AUTH-004	nao_implementado
AUTH-005	nao_implementado
AUTH-010	nao_implementado
AUTH-011	nao_implementado
AUTH-020	nao_implementado
AUTH-021	nao_implementado
AUTH-022	nao_implementado
AUTH-030	nao_implementado
AUTH-031	nao_implementado
AVAL-001	nao_implementado
AVAL-002	nao_implementado
AVAL-003	nao_implementado
AVAL-010	nao_implementado
AVAL-011	nao_implementado
AVAL-012	nao_implementado
AVAL-020	nao_implementado
AVAL-021	nao_implementado
AVAL-030	nao_implementado
AVAL-031	nao_implementado
AVAL-040	nao_implementado
AVAL-050	nao_implementado
AVAL-051	nao_implementado
AVAL-060	nao_implementado
BEM-001	nao_implementado
BEM-002	nao_implementado
BEM-010	nao_implementado
BEM-011	nao_implementado
BEM-020	nao_implementado
BEM-021	nao_implementado
BEM-030	nao_implementado
BEM-040	nao_implementado
BEM-050	nao_implementado
BEM-060	nao_implementado
BEM-070	nao_implementado
BEN-001	passou
BEN-010	passou
BEN-011	passou
BEN-012	passou
BEN-020	passou
BEN-030	passou
BEN-040	passou
BEN-042	passou
BEN-050	passou
BEN-051	passou
BEN-060	passou
BEN-070	passou
BEN-071	passou
BEN-080	passou
BEN-090	nao_implementado
CARGO-001	passou
CARGO-010	passou
CARGO-011	passou
CARGO-012	passou
CARGO-022	passou
CARGO-TELA-01	nao_implementado
CARGO-TELA-02	nao_implementado
CARGO-TELA-03	nao_implementado
CARGO-TELA-04	nao_implementado
CARGO-TELA-05	nao_implementado
CARGO-TELA-06	nao_implementado
CARGO-TELA-07	nao_implementado
CENTRAL-001	nao_implementado
CENTRAL-002	nao_implementado
CENTRAL-003	nao_implementado
CENTRAL-004	nao_implementado
CENTRAL-005	nao_implementado
CERT-001	passou
CERT-010	passou
CERT-011	passou
CFG-001	nao_implementado
CFG-002	nao_implementado
CFG-010	nao_implementado
CFG-011	nao_implementado
CFG-012	nao_implementado
CFG-020	nao_implementado
CFG-030	nao_implementado
CFG-031	nao_implementado
CFG-040	nao_implementado
CFG-050	nao_implementado
CFG-051	nao_implementado
CFG-060	nao_implementado
CFG-070	nao_implementado
CFG-080	nao_implementado
CHK-001	nao_implementado
CHK-002	nao_implementado
CHK-003	nao_implementado
COLAB-001	passou
COLAB-002	passou
COLAB-010	passou
COLAB-011	passou
COLAB-012	passou
COLAB-020	passou
COLAB-021	passou
COLAB-022	passou
COLAB-023	passou
COLAB-024	passou
COLAB-025	passou
COLAB-026	passou
COLAB-027	passou
COLAB-028	passou
COLAB-029	passou
COLAB-033	passou
COLAB-034	passou
COLAB-035	passou
COLAB-036	passou
COLAB-037	nao_implementado
COLAB-TELA-01	nao_implementado
COLAB-TELA-02	nao_implementado
COLAB-TELA-03	nao_implementado
COLAB-TELA-04	nao_implementado
COLAB-TELA-05	nao_implementado
COLAB-TELA-06	nao_implementado
COLAB-TELA-07	nao_implementado
COLAB-TELA-08	nao_implementado
COLAB-TELA-09	nao_implementado
COND-001	passou
COND-002	passou
COND-003	passou
COND-010	passou
COND-011	passou
COND-012	passou
COND-013	passou
COND-022	passou
CSST-TELA-01	nao_implementado
CSST-TELA-02	nao_implementado
CSST-TELA-03	nao_implementado
CSST-TELA-04	nao_implementado
CSST-TELA-05	nao_implementado
CSST-TELA-06	nao_implementado
CSST-TELA-07	nao_implementado
CSST-TELA-08	nao_implementado
CSST-TELA-09	nao_implementado
CTX-001	nao_implementado
CTX-002	nao_implementado
CTX-003	passou
CTX-004	nao_implementado
CTX-005	nao_implementado
CTX-006	passou
CULT-001	nao_implementado
CULT-002	nao_implementado
CULT-010	nao_implementado
CULT-011	nao_implementado
CULT-012	nao_implementado
CULT-013	nao_implementado
CULT-020	nao_implementado
CULT-030	nao_implementado
CULT-040	nao_implementado
CULT-041	nao_implementado
CULT-050	nao_implementado
CULT-060	nao_implementado
CULT-070	nao_implementado
DADO-010	passou
DEC13-001	passou
DEC13-002	passou
DEC13-003	passou
DEC13-004	passou
DEC13-005	passou
DEC13-006	passou
DEC13-020	passou
DEC13-021	passou
DEC13-022	passou
DEC13-023	nao_implementado
DEC13-030	passou
DEC13-031	passou
DEC13-032	passou
DEC13-033	passou
DEC13-034	passou
DEC13-035	passou
DEC13-040	passou
DEC13-041	passou
DEC13-042	passou
DEC13-043	passou
DEC13-050	passou
DEC13-051	passou
DEC13-052	passou
DEC13-060	passou
DEC13-061	passou
DEC13-062	passou
DEC13-063	passou
DEC13-070	passou
DEC13-071	passou
DEC13-072	passou
DEC13-073	passou
DEP-001	passou
DEP-002	passou
DEP-010	passou
DEP-011	passou
DEP-012	passou
DEP-013	passou
DEPTO-TELA-01	nao_implementado
DEPTO-TELA-02	nao_implementado
DEPTO-TELA-03	nao_implementado
DEPTO-TELA-04	nao_implementado
DEPTO-TELA-05	nao_implementado
DEPTO-TELA-06	nao_implementado
DEPTO-TELA-07	nao_implementado
DESL-001	passou
DESL-002	passou
DESL-003	passou
DESL-004	passou
DESL-006	nao_implementado
DESL-010	nao_implementado
DESL-011	nao_implementado
DESL-012	nao_implementado
DESL-014	nao_implementado
DESL-015	passou
DESL-020	nao_implementado
DESL-021	nao_implementado
DESL-022	nao_implementado
DESL-023	nao_implementado
DESL-024	nao_implementado
DESL-025	passou
DESL-030	nao_implementado
DESL-031	nao_implementado
DESL-032	nao_implementado
DESL-033	nao_implementado
DESL-034	nao_implementado
DESL-035	nao_implementado
DESL-036	nao_implementado
DESL-037	nao_implementado
DESL-040	nao_implementado
DESL-041	nao_implementado
DESL-042	nao_implementado
DESL-043	nao_implementado
DESL-044	nao_implementado
DESL-045	nao_implementado
DESL-046	nao_implementado
DESL-050	nao_implementado
DESL-051	nao_implementado
DESL-052	nao_implementado
DESL-055	nao_implementado
DESL-057	passou
DESL-060	nao_implementado
DESL-061	nao_implementado
DESL-062	nao_implementado
DESL-063	nao_implementado
DESL-064	nao_implementado
DESL-065	nao_implementado
DESL-066	nao_implementado
DESL-067	nao_implementado
DESL-070	nao_implementado
DESL-071	nao_implementado
DESL-072	passou
DESL-073	passou
DESL-077	nao_implementado
DESL-080	nao_implementado
DESL-082	nao_implementado
DESL-083	passou
DESL-093	passou
DESL-094	passou
DESL-100	nao_implementado
DESL-101	passou
DESL-102	nao_implementado
DESL-104	passou
DESL-105	passou
DESL-106	passou
DESL-110	passou
DOC-001	passou
DOC-002	passou
DOC-003	passou
DOC-010	passou
DOC-011	passou
DOC-013	passou
DOC-014	passou
DOC-022	passou
DOC-030	passou
DOC-040	passou
DOC-041	passou
DOC-042	passou
DOCS-TELA-01	nao_implementado
DOCS-TELA-02	nao_implementado
DOCS-TELA-03	nao_implementado
DOCS-TELA-04	nao_implementado
DOCS-TELA-05	nao_implementado
DOCS-TELA-06	nao_implementado
DOCS-TELA-07	nao_implementado
DOCS-TELA-08	nao_implementado
DOCS-TELA-09	nao_implementado
EDGE-001	passou
EDGE-002	nao_implementado
EDGE-003	nao_implementado
EDGE-004	nao_implementado
EDGE-005	nao_implementado
EDGE-006	passou
EDGE-007	passou
EMP-001	passou
EMP-002	passou
EMP-003	passou
EMP-010	passou
EMP-011	passou
EMP-012	passou
EMP-013	passou
EMP-014	nao_implementado
EMP-020	passou
EMP-021	passou
EMP-022	passou
EMP-023	passou
EMP-024	passou
EMP-025	passou
EMP-030	passou
EMP-031	passou
EMP-032	passou
EMP-033	passou
EMP-034	passou
EMP-035	passou
EMP-036	nao_implementado
EMP-037	nao_implementado
EMP-038	nao_implementado
EMP-039	nao_implementado
EMP-040	passou
EMP-041	passou
EMP-042	nao_implementado
EMP-060	passou
EMP-061	passou
EMP-070	passou
EMP-071	passou
EMP-072	nao_implementado
ENQ-001	passou
ENQ-010	passou
ENQ-011	passou
ENQ-012	passou
ENQ-013	passou
ENQ-014	passou
ENQ-015	nao_implementado
ENQ-016	nao_implementado
ENQ-017	nao_implementado
ENQ-018	nao_implementado
EPI-001	passou
EPI-010	passou
EPI-011	passou
EPI-020	passou
EPI-021	passou
EPI-022	passou
EPI-030	passou
EPI-031	nao_implementado
EPI-040	passou
EPI-041	passou
EPI-042	passou
EPI-043	passou
EPI-044	passou
EPI-050	passou
EPI-051	passou
EPI-052	passou
EPI-060	nao_implementado
ERGO-001	nao_implementado
ERGO-002	nao_implementado
ERGO-010	nao_implementado
ERGO-011	nao_implementado
ERGO-012	nao_implementado
ERGO-013	nao_implementado
ERGO-014	nao_implementado
ERGO-015	nao_implementado
ERGO-016	nao_implementado
ERGO-020	nao_implementado
ERGO-021	nao_implementado
ERGO-022	nao_implementado
ERGO-023	nao_implementado
ERGO-024	nao_implementado
ERGO-030	nao_implementado
ERGO-031	nao_implementado
ERGO-032	nao_implementado
ERGO-033	nao_implementado
ERGO-034	nao_implementado
ERGO-040	nao_implementado
ERGO-041	nao_implementado
ERGO-042	nao_implementado
ERGO-050	nao_implementado
ERGO-051	nao_implementado
ERGO-052	nao_implementado
ERGO-053	nao_implementado
ERGO-060	nao_implementado
ERGO-061	nao_implementado
ERGO-062	nao_implementado
ERGO-070	nao_implementado
ERGO-071	nao_implementado
ERGO-072	nao_implementado
ESC-001	passou
ESC-010	passou
ESC-011	passou
ESC-012	passou
ESC-020	passou
ESC-021	passou
ESC-030	nao_implementado
ESC-031	passou
EST-001	passou
EST-002	passou
EST-003	passou
EST-010	passou
EST-011	passou
EST-013	passou
EST-020	passou
EST-022	passou
ESTAB-TELA-01	nao_implementado
ESTAB-TELA-02	nao_implementado
ESTAB-TELA-03	nao_implementado
ESTAB-TELA-04	nao_implementado
ESTAB-TELA-05	nao_implementado
ESTAB-TELA-06	nao_implementado
ESTAB-TELA-07	nao_implementado
EXP-001	nao_implementado
EXP-002	nao_implementado
EXP-003	nao_implementado
EXP-010	nao_implementado
EXP-011	nao_implementado
EXP-012	nao_implementado
EXP-020	nao_implementado
EXP-030	nao_implementado
EXP-040	nao_implementado
EXP-050	nao_implementado
EXP-051	nao_implementado
EXP-060	nao_implementado
EXP-061	nao_implementado
EXP-070	nao_implementado
FBK-001	nao_implementado
FBK-010	nao_implementado
FBK-011	nao_implementado
FBK-012	nao_implementado
FBK-013	nao_implementado
FBK-020	nao_implementado
FBK-021	nao_implementado
FBK-030	nao_implementado
FBK-031	nao_implementado
FBK-040	nao_implementado
FBK-050	nao_implementado
FBK-051	nao_implementado
FBK-060	nao_implementado
FBK-070	nao_implementado
FER-001	passou
FER-002	passou
FER-003	passou
FER-004	passou
FER-005	passou
FERIAS-001	passou
FERIAS-002	passou
FERIAS-003	passou
FERIAS-004	passou
FERIAS-005	passou
FERIAS-006	passou
FERIAS-007	passou
FERIAS-008	passou
FERIAS-010	passou
FERIAS-011	passou
FERIAS-012	passou
FERIAS-013	passou
FERIAS-014	passou
FERIAS-015	passou
FERIAS-016	passou
FERIAS-017	passou
FERIAS-020	passou
FERIAS-021	passou
FERIAS-022	passou
FERIAS-024	passou
FERIAS-030	passou
FERIAS-031	passou
FERIAS-032	passou
FERIAS-033	passou
FERIAS-034	passou
FERIAS-035	passou
FERIAS-040	passou
FERIAS-041	passou
FERIAS-042	passou
FERIAS-050	passou
FERIAS-051	passou
FERIAS-052	passou
FERIAS-053	passou
FERIAS-054	passou
FERIAS-055	passou
FERIAS-056	passou
FERIAS-060	passou
FERIAS-061	passou
FERIAS-062	passou
FERIAS-070	passou
FERIAS-071	passou
FERIAS-080	passou
FERIAS-081	passou
FERIAS-082	passou
FERIAS-090	passou
FERIAS-091	passou
FERIAS-TELA-01	nao_implementado
FERIAS-TELA-02	nao_implementado
FERIAS-TELA-03	nao_implementado
FERIAS-TELA-04	nao_implementado
FERIAS-TELA-05	nao_implementado
FERIAS-TELA-06	nao_implementado
FERIAS-TELA-07	nao_implementado
FERIAS-TELA-08	nao_implementado
FERIAS-TELA-09	nao_implementado
FERIAS-TELA-10	nao_implementado
FINAN-TELA-01	nao_implementado
FINAN-TELA-02	nao_implementado
FINAN-TELA-03	nao_implementado
FINAN-TELA-04	nao_implementado
FINAN-TELA-05	nao_implementado
FINAN-TELA-06	nao_implementado
FINAN-TELA-07	nao_implementado
FINAN-TELA-08	nao_implementado
FINAN-TELA-09	nao_implementado
FINAN-TELA-10	nao_implementado
FOLHA-001	passou
FOLHA-002	passou
FOLHA-010	nao_implementado
FOLHA-011	nao_implementado
FOLHA-020	nao_implementado
FOLHA-021	nao_implementado
FOLHA-022	nao_implementado
FOLHA-030	passou
FOLHA-040	passou
FOLHA-041	nao_implementado
FOLHA-050	passou
FOLHA-051	passou
FOLHA-060	passou
FOLHA-061	passou
FOLHA-070	passou
FOLHA-071	passou
FOLHA-080	passou
FOLHA-081	passou
FOLHA-090	passou
HCAL-001	passou
HCAL-010	passou
HCAL-011	passou
HCAL-012	passou
HCAT-001	passou
HCAT-010	passou
HIER-001	passou
HIER-002	passou
HIER-003	nao_implementado
HIER-004	nao_implementado
HIER-005	passou
HIER-006	nao_implementado
HTPL-001	passou
HTPL-010	passou
HUB-001	passou
HUB-002	passou
HUB-003	passou
HUB-004	passou
HUB-010	passou
HUB-011	passou
HUB-012	passou
HUB-020	passou
HUB-022	passou
HUBC-TELA-01	nao_implementado
HUBC-TELA-02	nao_implementado
HUBC-TELA-03	nao_implementado
HUBC-TELA-04	nao_implementado
HUBC-TELA-05	nao_implementado
HUBC-TELA-06	nao_implementado
HUBC-TELA-07	nao_implementado
HUBC-TELA-08	nao_implementado
HUBC-TELA-09	nao_implementado
IDE-001	passou
IDE-002	passou
IDE-003	passou
IDE-010	passou
IDE-011	passou
IDE-020	passou
IDE-022	passou
IDENT-TELA-01	nao_implementado
IDENT-TELA-02	nao_implementado
IDENT-TELA-03	nao_implementado
IDENT-TELA-04	nao_implementado
IDENT-TELA-05	nao_implementado
IDENT-TELA-06	nao_implementado
IMP-001	nao_implementado
IMP-002	nao_implementado
IMP-003	nao_implementado
IMP-004	nao_implementado
IMP-005	nao_implementado
IMP-006	nao_implementado
IMP-010	nao_implementado
ISOL-001	erro
ISOL-002	nao_implementado
ISOL-003	nao_implementado
ISOL-004	nao_implementado
ISOL-005	passou
ISOL-006	falhou
ISOL-007	passou
ISOL-008	passou
JOR-001	passou
JOR-002	passou
JOR-010	passou
LIB-001	passou
LIB-002	passou
LIB-003	passou
LIB-004	passou
LIB-005	passou
LOTE-001	nao_implementado
MAPA-001	passou
MAPA-002	passou
MAPA-003	passou
MAPA-004	passou
MAPA-005	passou
MAPA-006	passou
MAPA-007	passou
MAPA-008	passou
MAPA-009	passou
MAPA-010	passou
MAPA-011	passou
MAPA-PLANO-001	passou
MAPA-PLANO-002	passou
MAPA-PLANO-003	passou
MAPA-PLANO-004	passou
MAPA-PLANO-005	passou
MAPA-PLANO-006	passou
MCFG-001	passou
MCFG-002	passou
MCFG-003	passou
MCFG-020	passou
MCFG-021	passou
MCHK-001	passou
MCHK-002	passou
MCHK-010	passou
MCHK-011	passou
META-001	passou
META-002	passou
META-003	passou
META-010	passou
META-011	passou
META-012	passou
META-013	passou
META-022	passou
META-030	passou
META-031	passou
META-032	passou
META-034	passou
META-035	passou
METAS-TELA-01	nao_implementado
METAS-TELA-02	nao_implementado
METAS-TELA-03	nao_implementado
METAS-TELA-04	nao_implementado
METAS-TELA-05	nao_implementado
METAS-TELA-06	nao_implementado
METAS-TELA-07	nao_implementado
METAS-TELA-08	nao_implementado
METAS-TELA-09	nao_implementado
METAS-TELA-10	nao_implementado
METAS-TELA-11	nao_implementado
METAS-TELA-12	nao_implementado
MEVD-001	passou
MEVD-010	passou
MEVD-011	passou
MIND-001	passou
MIND-010	passou
MIND-011	passou
MKY-001	erro
MKY-002	passou
MKY-003	passou
MKY-004	passou
MKY-005	passou
MKY-006	passou
MKY-007	passou
MKY-008	passou
MKY-009	passou
MKY-010	passou
MKY-011	passou
MKY-012	passou
MKY-013	passou
MKY-014	passou
MKY-015	passou
MKY-020	nao_implementado
MKY-021	nao_implementado
MKY-022	nao_implementado
MKY-030	nao_implementado
MKY-031	passou
MKY-032	passou
MKY-033	passou
MKY-034	passou
MKY-035	passou
MKY-036	nao_implementado
MKY-037	passou
MKY-038	passou
MKY-040	nao_implementado
MKY-041	passou
MKY-042	erro
MKY-043	passou
MKY-044	nao_implementado
MKY-045	passou
MKY-046	passou
MKY-047	nao_implementado
MKY-050	nao_implementado
MKY-051	passou
MKY-052	passou
MKY-053	passou
MKY-054	passou
MKY-055	passou
MKY-056	passou
MKY-057	passou
MKY-058	falhou
MKY-060	passou
MKY-061	passou
MKY-062	passou
MKY-063	passou
MKY-064	passou
MKY-065	passou
MKY-066	nao_implementado
MKY-067	nao_implementado
MKY-068	passou
MKY-069	nao_implementado
MKY-070	nao_implementado
MKY-071	passou
MKY-072	passou
MKY-073	passou
MKY-074	passou
MKY-075	falhou
MKY-076	nao_implementado
MKY-077	passou
MKY-080	passou
MKY-081	passou
MKY-082	passou
MKY-083	passou
MKY-084	passou
MKY-085	passou
MKY-086	passou
MKY-087	passou
MKY-088	passou
MKY-090	passou
MKY-092	passou
MKY-093	passou
MKY-094	passou
MKY-095	passou
MKY-096	passou
MKY-100	passou
MKY-101	passou
MKY-102	passou
MKY-103	passou
MKY-104	nao_implementado
MKY-105	passou
MKY-106	passou
MKY-110	falhou
MKY-111	passou
MKY-112	passou
MKY-113	passou
MKY-114	passou
MKY-115	passou
MKY-116	passou
MKY-117	passou
MKY-120	nao_implementado
MKY-121	falhou
MKY-122	falhou
MKY-123	passou
MKY-124	passou
MKY-130	nao_implementado
MKY-131	passou
MKY-132	nao_implementado
MKY-133	nao_implementado
MKY-134	nao_implementado
MKY-135	nao_implementado
MKY-140	nao_implementado
MKY-141	nao_implementado
MKY-142	nao_implementado
MKY-143	nao_implementado
MKY-144	nao_implementado
MKY-145	nao_implementado
MKY-146	nao_implementado
MPAR-001	passou
MPAR-010	passou
MPAR-011	passou
MPAR-012	passou
MURAL-001	nao_implementado
MURAL-010	nao_implementado
MURAL-011	nao_implementado
MURAL-012	nao_implementado
MURAL-013	nao_implementado
MURAL-020	nao_implementado
MURAL-021	nao_implementado
MURAL-022	nao_implementado
MURAL-030	nao_implementado
MURAL-031	nao_implementado
MURAL-040	nao_implementado
MURAL-050	nao_implementado
MURAL-060	nao_implementado
MWKF-001	passou
MWKF-010	passou
MWKF-011	passou
MWKF-012	passou
NAC-001	passou
NAC-002	passou
NAC-003	passou
NAC-004	passou
NAC-005	nao_implementado
NAC-006	passou
OBRG-001	passou
OBRG-002	passou
OBRG-010	passou
OBRG-011	passou
OBRG-012	passou
OBRG-013	passou
OBRG-020	passou
OBRG-022	passou
OCEANO-001	passou
OCEANO-002	passou
OCEANO-003	passou
OCEANO-010	passou
OCEANO-011	passou
OCEANO-013	passou
OCEANO-014	passou
OCEANO-022	passou
ONB-001	nao_implementado
ONB-010	nao_implementado
ONB-011	nao_implementado
ONB-012	nao_implementado
ONB-013	nao_implementado
ONB-020	nao_implementado
ONB-021	nao_implementado
ONB-030	nao_implementado
ONB-040	nao_implementado
ONB-050	nao_implementado
ONB-051	nao_implementado
ONB-060	nao_implementado
ONB-070	nao_implementado
ORG-001	passou
ORG-002	passou
ORG-003	passou
ORG-010	passou
ORG-013	passou
ORG-022	passou
ORG-TELA-01	nao_implementado
ORG-TELA-02	nao_implementado
ORG-TELA-03	nao_implementado
ORG-TELA-04	nao_implementado
ORG-TELA-05	nao_implementado
ORG-TELA-06	nao_implementado
OUV-001	nao_implementado
OUV-002	nao_implementado
OUV-003	passou
OUV-004	passou
OUV-005	passou
OUV-006	nao_implementado
OUV-007	nao_implementado
OUV-008	nao_implementado
OUV-009	nao_implementado
OUV-010	passou
OUV-011	nao_implementado
OUV-020	nao_implementado
OUV-021	nao_implementado
OUV-022	nao_implementado
OUV-023	passou
OUV-024	passou
OUV-025	nao_implementado
OUV-026	nao_implementado
OUV-027	nao_implementado
OUV-028	nao_implementado
OUV-029	nao_implementado
OUV-030	nao_implementado
OUV-031	passou
OUV-032	nao_implementado
OUV-033	passou
OUV-034	passou
OUV-035	nao_implementado
OUV-036	nao_implementado
OUV-040	nao_implementado
OUV-041	nao_implementado
OUV-050	nao_implementado
OUV-051	nao_implementado
OUV-052	nao_implementado
PACAO-TELA-01	nao_implementado
PACAO-TELA-02	nao_implementado
PACAO-TELA-03	nao_implementado
PACAO-TELA-04	nao_implementado
PACAO-TELA-05	nao_implementado
PACAO-TELA-06	nao_implementado
PACAO-TELA-07	nao_implementado
PACAO-TELA-08	nao_implementado
PACAO-TELA-09	nao_implementado
PACAO-TELA-10	nao_implementado
PACAO-TELA-11	nao_implementado
PACAO-TELA-12	nao_implementado
PARC-001	nao_implementado
PARC-002	nao_implementado
PARC-003	nao_implementado
PARC-004	nao_implementado
PARC-005	nao_implementado
PARC-010	nao_implementado
PARC-011	nao_implementado
PARC-012	nao_implementado
PARC-020	nao_implementado
PARC-021	nao_implementado
PARC-022	nao_implementado
PARC-023	nao_implementado
PARC-024	nao_implementado
PARC-030	nao_implementado
PARC-031	nao_implementado
PASS-001	passou
PCHK-001	passou
PCHK-010	passou
PDI-001	nao_implementado
PDI-002	nao_implementado
PDI-003	nao_implementado
PDI-010	nao_implementado
PDI-011	nao_implementado
PDI-012	nao_implementado
PDI-013	nao_implementado
PDI-014	nao_implementado
PDI-015	nao_implementado
PDI-020	nao_implementado
PDI-021	nao_implementado
PDI-022	nao_implementado
PDI-023	nao_implementado
PDI-024	nao_implementado
PDI-025	nao_implementado
PDI-030	nao_implementado
PDI-031	nao_implementado
PDI-032	nao_implementado
PDOC-001	passou
PDOC-010	passou
PEND-TELA-01	nao_implementado
PEND-TELA-02	nao_implementado
PEND-TELA-03	nao_implementado
PEND-TELA-04	nao_implementado
PER-001	passou
PER-002	passou
PER-003	nao_implementado
PER-004	passou
PER-005	passou
PER-006	passou
PER-007	passou
PER-008	nao_implementado
PERFIL-001	passou
PERFIL-002	passou
PERFIL-003	passou
PERFIL-004	nao_implementado
PERFIL-005	passou
PGP-001	passou
PGP-002	passou
PGP-003	passou
PGP-004	passou
PGP-005	passou
PGP-006	passou
PGP-010	passou
PGP-011	passou
PGP-012	passou
PGP-013	passou
PGP-014	passou
PGP-015	passou
PGP-016	passou
PGP-017	passou
PGP-020	nao_implementado
PGP-021	nao_implementado
PGP-030	nao_implementado
PGP-031	nao_implementado
PGP-032	nao_implementado
PLEST-TELA-01	nao_implementado
PLEST-TELA-02	nao_implementado
PLEST-TELA-03	nao_implementado
PLEST-TELA-04	nao_implementado
PLEST-TELA-05	nao_implementado
PLEST-TELA-06	nao_implementado
PLEST-TELA-07	nao_implementado
PLEV-001	passou
PLEV-010	passou
PLPA-001	erro
PLTF-001	passou
PLTF-010	passou
PLTF-011	passou
PLTM-001	erro
PLTM-010	erro
PLTP-001	passou
PLTP-010	passou
PONTO-001	passou
PONTO-002	nao_implementado
PONTO-003	passou
PONTO-004	passou
PONTO-005	nao_implementado
PONTO-006	nao_implementado
PONTO-020	passou
PONTO-021	passou
PONTO-022	passou
PONTO-023	passou
PONTO-024	passou
PONTO-025	passou
PONTO-040	passou
PONTO-041	passou
PONTO-042	passou
PONTO-043	passou
PONTO-060	passou
PONTO-061	passou
PONTO-062	passou
PONTO-063	passou
PONTO-064	passou
PONTO-080	passou
PONTO-090	passou
PONTO-091	passou
PONTO-092	passou
PONTO-093	passou
PONTO-110	passou
PONTO-111	passou
PONTO-112	passou
PONTO-113	passou
PONTO-130	passou
PONTO-131	passou
PONTO-132	passou
PONTO-133	passou
PONTO-150	passou
PONTO-151	passou
PONTO-152	passou
PONTO-153	passou
PONTO-170	passou
PONTO-171	passou
PONTO-172	passou
PONTO-173	passou
PONTO-174	passou
PONTO-175	passou
PONTO-190	passou
PONTO-191	passou
PONTO-192	passou
PONTO-193	passou
PONTO-194	passou
PONTO-195	nao_implementado
PONTO-210	passou
PONTO-211	passou
PONTO-212	passou
PONTO-213	passou
PONTO-250	passou
PONTO-251	passou
PONTO-252	passou
PONTO-253	passou
PONTO-254	nao_implementado
PONTO-270	falhou
PONTO-271	passou
PONTO-290	passou
PONTO-291	passou
PONTO-292	passou
PONTO-293	passou
PONTO-300	passou
PONTO-301	passou
PONTO-310	passou
PONTO-311	passou
PONTO-312	passou
PONTO-320	passou
PONTO-321	passou
PONTO-322	passou
PONTO-330	passou
PONTO-331	passou
PONTO-340	passou
PONTO-341	passou
PONTO-350	passou
PONTO-351	passou
PONTO-352	passou
PONTO-353	passou
PONTO-354	passou
PONTO-355	passou
PONTO-356	passou
PONTO-357	passou
PONTO-358	passou
PONTO-359	passou
PONTO-360	passou
PONTO-361	passou
PONTO-362	passou
PONTO-363	nao_implementado
PONTO-370	passou
PONTO-371	passou
PONTO-372	passou
PONTO-373	passou
PONTO-374	passou
PONTO-375	passou
PONTO-376	passou
PONTO-377	passou
PONTO-378	passou
PONTO-379	passou
PONTO-380	passou
PONTO-381	passou
PONTO-382	passou
PONTO-383	passou
PONTO-384	passou
PONTO-385	passou
PONTO-386	passou
PONTO-387	passou
PONTO-388	passou
PONTO-389	passou
PONTO-390	passou
PONTO-391	passou
PONTO-392	passou
PONTO-393	passou
PONTO-394	passou
PONTO-395	passou
PONTO-396	passou
PONTO-397	passou
PONTO-398	passou
PONTO-400	passou
PONTO-401	passou
PONTO-402	passou
PONTO-403	nao_implementado
PONTO-410	passou
PONTO-420	passou
PONTO-421	passou
PONTO-430	passou
PONTO-431	passou
PONTO-440	passou
PONTO-441	passou
PONTO-450	passou
PONTO-451	passou
PONTO-460	passou
PONTO-470	passou
PONTO-471	passou
PONTO-472	passou
PONTO-473	passou
PONTO-474	passou
PONTO-475	passou
PONTO-476	passou
PONTO-477	passou
PONTO-478	passou
PONTO-479	passou
PONTO-480	passou
PONTO-481	passou
PONTO-482	passou
PONTO-483	passou
PONTO-484	passou
PONTO-485	passou
PONTO-486	passou
PONTO-HOM-A1	nao_implementado
PONTO-HOM-A2	nao_implementado
PONTO-HOM-A3	nao_implementado
PONTO-HOM-A4	nao_implementado
PONTO-HOM-B1	nao_implementado
PONTO-HOM-B2	nao_implementado
PONTO-HOM-C1	passou
PONTO-HOM-C2	passou
PONTO-HOM-D1	nao_implementado
PONTO-HOM-D2	nao_implementado
PONTO-HOM-D3	nao_implementado
PONTO-HOM-D4	nao_implementado
PONTO-HOM-D5	nao_implementado
PONTO-HOM-D6	nao_implementado
PONTO-HOM-E1	nao_implementado
PONTO-HOM-E2	nao_implementado
PONTO-HOM-E3	nao_implementado
PONTO-HOM-F1	nao_implementado
PONTO-HOM-F2	passou
PONTO-HOM-F3	nao_implementado
PONTO-HOM-G1	nao_implementado
PONTO-HOM-G2	nao_implementado
PONTO-HOM-G3	nao_implementado
PONTO-HOM-G4	nao_implementado
PONTO-HOM-H1	nao_implementado
PONTO-HOM-H2	nao_implementado
PONTO-HOM-H3	nao_implementado
PONTO-HOM-H4	nao_implementado
PONTO-HOM-I1	nao_implementado
PONTO-HOM-I2	nao_implementado
PONTO-HOM-I3	nao_implementado
PORTE-001	nao_implementado
PORTE-002	nao_implementado
PORTE-003	nao_implementado
PORTE-004	nao_implementado
PORTE-005	passou
PRIV-001	passou
PRIV-002	passou
PRIV-003	passou
PRIV-004	nao_implementado
PRIV-005	nao_implementado
PRIV-006	passou
PROC-001	passou
PROC-002	passou
PROC-010	passou
PROC-011	passou
PROC-012	passou
RASC-001	nao_implementado
RASC-002	nao_implementado
RASC-003	nao_implementado
RASC-004	nao_implementado
REGRA-001	passou
REGRA-002	passou
REGRA-003	passou
REGRA-004	passou
REGRA-005	passou
REGRA-006	passou
REGRA-007	nao_implementado
REGRA-008	nao_implementado
REGRA-009	nao_implementado
REGRA-010	passou
REGRA-011	passou
REGRA-012	nao_implementado
REGRA-013	nao_implementado
REGRA-014	nao_implementado
RLS-001	passou
RLS-002	nao_implementado
RLS-003	passou
RLS-004	passou
RLS-005	passou
RLS-006	passou
RLS-007	passou
SES-001	passou
SES-002	passou
SES-003	passou
SES-004	passou
SITE-001	nao_implementado
SITE-002	nao_implementado
SITE-003	nao_implementado
SITE-004	nao_implementado
SITE-005	nao_implementado
SST-001	passou
SST-002	passou
SST-003	passou
SST-010	passou
SST-011	passou
SST-020	passou
SST-021	passou
SST-030	passou
SST-031	passou
SST-040	passou
SST-041	passou
SST-050	passou
SST-060	passou
SST-070	passou
SST-080	passou
SUP-001	nao_implementado
SUP-010	nao_implementado
SUP-011	nao_implementado
SUP-012	nao_implementado
SUP-020	nao_implementado
SUP-030	nao_implementado
SUP-031	nao_implementado
SUP-040	nao_implementado
SUP-041	nao_implementado
SUP-050	nao_implementado
SUP-060	nao_implementado
SUP-070	nao_implementado
SWOT-001	passou
SWOT-002	passou
SWOT-003	passou
SWOT-010	passou
SWOT-011	passou
SWOT-013	passou
SWOT-022	passou
TAC-001	passou
TAC-002	nao_implementado
TAC-003	passou
TAC-004	nao_implementado
TDOC-001	passou
TDOC-002	passou
TDOC-003	passou
TDOC-004	passou
TDOC-005	passou
TDOC-010	passou
TDOC-013	passou
TDOC-014	passou
TDOC-022	passou
TELA-EPI-001	nao_implementado
TELA-EPI-002	nao_implementado
TELA-EPI-003	nao_implementado
TELA-EPI-004	nao_implementado
TELA-EPI-005	nao_implementado
TELA-EPI-006	nao_implementado
TELA-EPI-007	nao_implementado
TELA-EPI-008	nao_implementado
TELA-EPI-009	nao_implementado
TELA-EPI-010	nao_implementado
TELA-EPI-011	nao_implementado
TELA-EPI-012	nao_implementado
TELA-EPI-013	nao_implementado
TELA-EPI-014	nao_implementado
TELA-EPI-015	nao_implementado
TELA-EPI-016	nao_implementado
TELA-EPI-017	nao_implementado
TELA-EPI-018	nao_implementado
TELA-EPI-019	nao_implementado
TELA-EPI-020	nao_implementado
TELA-EPI-021	nao_implementado
TELA-EPI-022	nao_implementado
TELA-EPI-023	nao_implementado
TELA-EPI-024	nao_implementado
TELA-EPI-025	nao_implementado
TELA-EPI-026	nao_implementado
TELA-EPI-027	nao_implementado
TELA-EPI-028	nao_implementado
TELA-EPI-029	nao_implementado
TELA-EPI-030	nao_implementado
TELA-EPI-031	nao_implementado
TELA-EPI-032	nao_implementado
TELA-EPI-033	nao_implementado
TELA-EPI-034	nao_implementado
TELA-EPI-035	nao_implementado
TELA-EPI-036	nao_implementado
TELA-EPI-037	nao_implementado
TELA-EPI-038	nao_implementado
TELA-EPI-039	nao_implementado
TELA-EPI-040	nao_implementado
TELA-EPI-041	nao_implementado
TELA-EPI-042	nao_implementado
TELA-EPI-043	nao_implementado
TELA-EPI-044	nao_implementado
TELA-EPI-045	nao_implementado
TELA-EPI-046	nao_implementado
TELA-EPI-047	nao_implementado
TELA-EPI-048	nao_implementado
TELA-IMPORT-001	nao_implementado
TELA-INC-001	nao_implementado
TELA-INC-002	nao_implementado
TELA-INC-003	nao_implementado
TELA-INC-004	nao_implementado
TELA-INC-005	nao_implementado
TELA-INC-006	nao_implementado
TELA-INC-007	nao_implementado
TELA-INC-008	nao_implementado
TELA-INC-009	nao_implementado
TELA-PSICO-001	nao_implementado
TELA-PSICO-002	nao_implementado
TELA-PSICO-003	nao_implementado
TELA-PSICO-004	nao_implementado
TELA-PSICO-005	nao_implementado
TELA-PSICO-006	nao_implementado
TELA-PSICO-007	nao_implementado
TELA-PSICO-008	nao_implementado
TELA-PSICO-009	nao_implementado
TELA-PSICO-010	nao_implementado
TELA-PSICO-011	nao_implementado
TELA-PSICO-012	nao_implementado
TELA-PSICO-013	nao_implementado
TELA-PSICO-014	nao_implementado
TELA-PSICO-015	nao_implementado
TELA-PSICO-016	nao_implementado
TELA-PSICO-017	nao_implementado
TELA-PSICO-018	nao_implementado
TELA-PSICO-019	nao_implementado
TELA-PSICO-020	nao_implementado
TELA-PSICO-021	nao_implementado
TELA-PSICO-022	nao_implementado
TELA-PSICO-023	nao_implementado
TELA-PSICO-024	nao_implementado
TELA-PSICO-025	nao_implementado
TELA-PSICO-026	nao_implementado
TELA-PSICO-027	nao_implementado
TELA-PSICO-028	nao_implementado
TELA-PSICO-029	nao_implementado
TELA-PSICO-030	nao_implementado
TELA-PSICO-031	nao_implementado
TELA-PSICO-032	nao_implementado
TELA-PSICO-033	nao_implementado
TELA-PSICO-034	nao_implementado
TELA-PSICO-035	nao_implementado
TELA-PSICO-036	nao_implementado
TELA-PSICO-037	nao_implementado
TELA-PSICO-038	nao_implementado
TELA-PSICO-039	nao_implementado
TELA-PSICO-040	nao_implementado
TELA-PSICO-041	nao_implementado
TELA-PSICO-042	nao_implementado
TELA-PSICO-043	nao_implementado
TELA-PSICO-044	nao_implementado
TELA-PSICO-045	nao_implementado
TELA-PSICO-046	nao_implementado
TELA-PSICO-047	nao_implementado
TELA-PSICO-048	nao_implementado
TELA-PSICO-049	nao_implementado
TELA-PSICO-050	nao_implementado
TELA-PSICO-051	nao_implementado
TELA-PSICO-052	nao_implementado
TELA-PSICO-053	nao_implementado
TELA-PSICO-054	nao_implementado
TELA-SWOT-001	nao_implementado
TELA-SWOT-002	nao_implementado
TELA-SWOT-003	nao_implementado
TELA-SWOT-004	nao_implementado
TELA-SWOT-005	nao_implementado
TELA-SWOT-006	nao_implementado
TELA-SWOT-007	nao_implementado
TELA-SWOT-008	nao_implementado
TELA-SWOT-009	nao_implementado
TELA-SWOT-010	nao_implementado
TELA-SWOT-011	nao_implementado
TELA-SWOT-012	nao_implementado
TELA-SWOT-013	nao_implementado
TELA-SWOT-014	nao_implementado
TELA-SWOT-015	nao_implementado
TELA-SWOT-016	nao_implementado
TELA-SWOT-017	nao_implementado
TELA-SWOT-018	nao_implementado
TELA-SWOT-019	nao_implementado
TER-001	passou
TER-002	passou
TER-003	passou
TER-010	passou
TER-011	passou
TER-013	passou
TER-020	passou
TER-022	passou
TERC-TELA-01	nao_implementado
TERC-TELA-02	nao_implementado
TERC-TELA-03	nao_implementado
TERC-TELA-04	nao_implementado
TERC-TELA-05	nao_implementado
TERC-TELA-06	nao_implementado
TERC-TELA-07	nao_implementado
TRILHA-001	nao_implementado
TRILHA-002	nao_implementado
TRILHA-003	nao_implementado
TRILHA-010	nao_implementado
TRILHA-011	nao_implementado
TRILHA-012	nao_implementado
TRILHA-013	nao_implementado
TRILHA-020	nao_implementado
TRILHA-030	nao_implementado
TRILHA-031	nao_implementado
TRILHA-032	nao_implementado
TRILHA-040	nao_implementado
TRILHA-050	nao_implementado
TTRE-001	passou
TTRE-010	passou
TTRE-011	passou
USR-001	passou
USR-002	nao_implementado
USR-003	passou
USR-004	passou
USR-005	passou
USR-006	passou
USR-007	passou
USR-008	passou
USR-TELA-01	nao_implementado
USR-TELA-02	nao_implementado
USR-TELA-03	nao_implementado
USR-TELA-04	nao_implementado
USR-TELA-05	nao_implementado
USR-TELA-06	nao_implementado
USR-TELA-07	nao_implementado
VIN-001	passou
VIN-002	passou
VIN-003	passou
VIN-004	passou
VIN-005	passou
VIN-006	passou
VIN-007	passou
VIN-008	passou
